Player Display Name,Time,Lat,Lon,Speed (m/s),Heart Rate (bpm),Instantaneous Acceleration Impulse
"Hojbjerg",14:29:33.1,43.3049925,5.461677166666667,0.33055582,88,0.5000004000000002
"Hojbjerg",14:29:33.2,43.30499283333334,5.461677,0.32222248,90,0.08333340000000022
"Hojbjerg",14:29:33.3,43.30499283333334,5.461677,0,90,3.2222248
"Hojbjerg",14:29:33.4,43.304993,5.461677,0,90,0
"Hojbjerg",14:29:33.5,43.30499316666666,5.461677,0,90,0
"Hojbjerg",14:29:33.6,43.30499316666666,5.461676833333334,0,90,0
"Hojbjerg",14:29:33.7,43.30499316666666,5.461676833333334,0,90,0
"Hojbjerg",14:29:33.8,43.30499316666666,5.4616766666666665,0,90,0
"Hojbjerg",14:29:33.9,43.304993333333336,5.4616765,0,90,0
"Hojbjerg",14:29:34.0,43.3049935,5.4616765,0,92,0
"Hojbjerg",14:29:34.1,43.3049935,5.461676333333333,0,92,0
"Hojbjerg",14:29:34.2,43.304993333333336,5.461676166666667,0,92,0
"Hojbjerg",14:29:34.3,43.304993,5.461676,0,92,0
"Hojbjerg",14:29:34.4,43.30499266666667,5.461675666666667,0.31388914,92,3.1388914
"Hojbjerg",14:29:34.5,43.3049925,5.461675666666667,0,92,3.1388914
"Hojbjerg",14:29:34.6,43.30499233333333,5.4616758333333335,0.30000024,92,3.0000023999999996
"Hojbjerg",14:29:34.7,43.30499183333333,5.461676,0.38611142,92,0.8611118000000001
"Hojbjerg",14:29:34.8,43.3049915,5.461676166666667,0.49166706,92,1.0555564
"Hojbjerg",14:29:34.9,43.30499083333333,5.461676833333334,0.70277834,92,2.1111127999999995
"Hojbjerg",14:29:35.0,43.30499016666666,5.461677666666667,0.95000076,92,2.4722242000000003
"Hojbjerg",14:29:35.1,43.30498933333333,5.461678666666667,1.08055642,92,1.3055565999999996
"Hojbjerg",14:29:35.2,43.30498883333333,5.461679666666667,1.08055642,92,0
"Hojbjerg",14:29:35.3,43.30498816666667,5.4616805,1.0138897,92,0.6666671999999996
"Hojbjerg",14:29:35.4,43.3049875,5.461681333333333,1.01666748,89,0.02777779999999952
"Hojbjerg",14:29:35.5,43.304986666666665,5.461682,1.1527787,89,1.3611122000000009
"Hojbjerg",14:29:35.6,43.30498566666666,5.4616825,1.14444536,89,0.08333340000000078
"Hojbjerg",14:29:35.7,43.304985,5.461683,0.98888968,89,1.5555567999999997
"Hojbjerg",14:29:35.8,43.30498433333333,5.461683833333333,0.94722298,89,0.41666699999999945
"Hojbjerg",14:29:35.9,43.304984166666664,5.461684333333333,0.6527783,89,2.9444468
"Hojbjerg",14:29:36.0,43.30498383333333,5.461685,0.75555616,89,1.0277786
"Hojbjerg",14:29:36.1,43.304983333333325,5.461685833333334,0.83888956,88,0.833334
"Hojbjerg",14:29:36.2,43.304983166666666,5.461686666666667,0.7777784,88,0.6111116000000005
"Hojbjerg",14:29:36.3,43.304983,5.4616875,0.71388946,88,0.6388894
"Hojbjerg",14:29:36.4,43.304982833333334,5.461688333333334,0.7361117,88,0.2222224000000006
"Hojbjerg",14:29:36.5,43.30498266666666,5.461688666666667,0.54722266,88,1.8888904000000006
"Hojbjerg",14:29:36.6,43.3049825,5.461689,0.41388922,88,1.3333343999999996
"Hojbjerg",14:29:36.7,43.30498216666666,5.461689166666667,0.32222248,88,0.9166674000000002
"Hojbjerg",14:29:36.8,43.304981833333336,5.461689166666667,0.39722254,87,0.7500006000000004
"Hojbjerg",14:29:36.9,43.3049815,5.461689833333334,0.59444492,87,1.9722238000000003
"Hojbjerg",14:29:37.0,43.30498083333333,5.4616905,0.82500066,87,2.3055574
"Hojbjerg",14:29:37.1,43.30498016666667,5.461691833333333,1.14444536,87,3.194446999999999
"Hojbjerg",14:29:37.2,43.30497983333333,5.461693333333334,1.30833438,87,1.6388902000000005
"Hojbjerg",14:29:37.3,43.304979333333335,5.4616948333333335,1.31111216,87,0.02777779999999952
"Hojbjerg",14:29:37.4,43.30497816666667,5.461696,1.42222336,87,1.1111120000000008
"Hojbjerg",14:29:37.5,43.30497716666667,5.461696833333334,1.2638899,87,1.5833346000000015
"Hojbjerg",14:29:37.6,43.304976,5.4616975,1.3750011,87,1.1111120000000008
"Hojbjerg",14:29:37.7,43.304975,5.4616985,1.4166678,87,0.41666699999999945
"Hojbjerg",14:29:37.8,43.30497333333333,5.461699833333333,1.74444584,87,3.277780400000001
"Hojbjerg",14:29:37.9,43.30497233333334,5.4617008333333334,1.57222348,87,1.7222236000000013
"Hojbjerg",14:29:38.0,43.304971,5.461701833333334,1.5555568,87,0.16666679999999934
"Hojbjerg",14:29:38.1,43.30497,5.4617025,1.35000108,87,2.0555572
"Hojbjerg",14:29:38.2,43.304968833333334,5.4617025,1.27500102,87,0.7500006000000004
"Hojbjerg",14:29:38.3,43.3049675,5.461702333333334,1.40833446,87,1.3333344000000014
"Hojbjerg",14:29:38.4,43.3049665,5.4617025,1.1666676,87,2.4166686000000004
"Hojbjerg",14:29:38.5,43.304966,5.461703,0.84166734,87,3.2500026
"Hojbjerg",14:29:38.6,43.30496516666666,5.461704,1.03611194,87,1.9444460000000008
"Hojbjerg",14:29:38.7,43.3049645,5.461705,1.01666748,87,0.19444460000000108
"Hojbjerg",14:29:38.8,43.30496383333333,5.4617065,1.28611214,87,2.6944466
"Hojbjerg",14:29:38.9,43.30496333333333,5.461708,1.41111224,87,1.2500010000000006
"Hojbjerg",14:29:39.0,43.304962833333335,5.4617095,1.36944554,87,0.41666699999999945
"Hojbjerg",14:29:39.1,43.30496183333333,5.461711,1.48889008,87,1.1944453999999993
"Hojbjerg",14:29:39.2,43.30496083333333,5.461712333333334,1.52222344,87,0.3333336000000009
"Hojbjerg",14:29:39.3,43.304959833333335,5.4617138333333335,1.61389018,87,0.9166673999999997
"Hojbjerg",14:29:39.4,43.304959,5.461715,1.43889004,87,1.7500014000000008
"Hojbjerg",14:29:39.5,43.3049585,5.4617165,1.38055666,87,0.5833337999999988
"Hojbjerg",14:29:39.6,43.304958,5.461718,1.46944562,88,0.888889599999998
"Hojbjerg",14:29:39.7,43.30495783333334,5.461719666666666,1.3055566,88,1.6388901999999983
"Hojbjerg",14:29:39.8,43.30495766666667,5.461721166666667,1.33055662,88,0.2500002000000001
"Hojbjerg",14:29:39.9,43.304957333333334,5.4617225,1.24166766,88,0.8888896000000002
"Hojbjerg",14:29:40.0,43.30495716666666,5.461723666666667,1.12777868,88,1.1388898000000003
"Hojbjerg",14:29:40.1,43.30495666666667,5.461725,1.15833426,88,0.30555579999999916
"Hojbjerg",14:29:40.2,43.30495633333333,5.461726333333334,1.13611202,88,0.2222224000000006
"Hojbjerg",14:29:40.3,43.304956,5.461727833333334,1.21944542,87,0.8333340000000011
"Hojbjerg",14:29:40.4,43.304955666666665,5.461729166666667,1.23055654,87,0.1111112000000003
"Hojbjerg",14:29:40.5,43.304955666666665,5.461730333333334,1.06388974,87,1.666668
"Hojbjerg",14:29:40.6,43.3049555,5.461731666666667,1.12222312,87,0.5833337999999988
"Hojbjerg",14:29:40.7,43.304955666666665,5.461733333333334,1.20000096,87,0.7777783999999999
"Hojbjerg",14:29:40.8,43.30495583333333,5.461735166666667,1.44166782,87,2.4166686000000004
"Hojbjerg",14:29:40.9,43.30495616666667,5.461737333333333,1.7222236,87,2.8055578000000003
"Hojbjerg",14:29:41.0,43.3049565,5.461739333333334,1.77500142,86,0.5277781999999998
"Hojbjerg",14:29:41.1,43.30495666666667,5.461741,1.53333456,86,2.4166686000000004
"Hojbjerg",14:29:41.2,43.30495666666667,5.461743,1.56389014,86,0.3055558000000014
"Hojbjerg",14:29:41.3,43.304957,5.461744666666667,1.46389006,86,1.0000008000000005
"Hojbjerg",14:29:41.4,43.304957,5.4617466666666665,1.58055682,86,1.1666675999999998
"Hojbjerg",14:29:41.5,43.304957333333334,5.461748833333333,1.80000144,86,2.1944462
"Hojbjerg",14:29:41.6,43.30495783333334,5.461750833333333,1.74444584,86,0.5555559999999993
"Hojbjerg",14:29:41.7,43.304958666666664,5.461753166666667,2.222224,85,4.777781600000002
"Hojbjerg",14:29:41.8,43.3049595,5.4617555,2.17500174,85,0.47222260000000293
"Hojbjerg",14:29:41.9,43.30496016666667,5.461757333333334,1.58611238,85,5.888893599999998
"Hojbjerg",14:29:42.0,43.304961166666665,5.461759166666667,1.77222364,85,1.861112599999999
"Hojbjerg",14:29:42.1,43.304962,5.461761,1.93333488,85,1.611112400000001
"Hojbjerg",14:29:42.2,43.304962833333335,5.461762833333333,1.82777924,85,1.0555564000000017
"Hojbjerg",14:29:42.3,43.30496333333333,5.461765,1.61666796,85,2.111112799999999
"Hojbjerg",14:29:42.4,43.304964166666664,5.461766833333333,1.67500134,85,0.5833337999999988
"Hojbjerg",14:29:42.5,43.30496516666666,5.461768666666667,1.9722238,85,2.972224600000002
"Hojbjerg",14:29:42.6,43.30496683333333,5.461770666666666,2.32500186,85,3.527780599999999
"Hojbjerg",14:29:42.7,43.304968,5.461772166666667,1.79444588,85,5.305559799999999
"Hojbjerg",14:29:42.8,43.30496933333333,5.461773833333334,1.944446,85,1.5000011999999985
"Hojbjerg",14:29:42.9,43.30497066666667,5.461775,1.9722238,85,0.27777800000000186
"Hojbjerg",14:29:43.0,43.304972,5.461776833333333,2.10000168,85,1.2777788
"Hojbjerg",14:29:43.1,43.304973,5.461778833333334,1.7222236,85,3.7777808000000013
"Hojbjerg",14:29:43.2,43.304974333333334,5.461780166666667,1.93889044,85,2.1666684000000003
"Hojbjerg",14:29:43.3,43.304975666666664,5.4617825,2.37222412,85,4.333336799999998
"Hojbjerg",14:29:43.4,43.3049775,5.461784333333334,2.31389074,85,0.5833337999999966
"Hojbjerg",14:29:43.5,43.30497866666666,5.461785833333333,1.90833486,85,4.055558800000001
"Hojbjerg",14:29:43.6,43.30498033333333,5.4617873333333335,2.22777956,85,3.1944470000000003
"Hojbjerg",14:29:43.7,43.30498216666666,5.461789333333334,2.56389094,85,3.3611137999999974
"Hojbjerg",14:29:43.8,43.3049835,5.4617915,2.1527795,85,4.1111144
"Hojbjerg",14:29:43.9,43.30498466666667,5.461793333333334,1.96944602,85,1.8333347999999994
"Hojbjerg",14:29:44.0,43.30498633333334,5.461795166666667,2.41944638,85,4.500003600000002
"Hojbjerg",14:29:44.1,43.304988,5.461796666666667,2.36389078,85,0.5555559999999993
"Hojbjerg",14:29:44.2,43.3049895,5.4617985,2.01944606,85,3.4444472000000026
"Hojbjerg",14:29:44.3,43.30499083333333,5.461799666666667,2.02500162,85,0.05555559999999904
"Hojbjerg",14:29:44.4,43.3049925,5.461801333333334,2.25833514,85,2.3333351999999996
"Hojbjerg",14:29:44.5,43.304993833333334,5.4618036666666665,2.25833514,85,0
"Hojbjerg",14:29:44.6,43.304995,5.4618055,1.93333488,85,3.250002599999997
"Hojbjerg",14:29:44.7,43.304996833333334,5.461807,2.361113,85,4.277781199999999
"Hojbjerg",14:29:44.8,43.3049985,5.461808666666667,2.36944634,85,0.08333340000000078
"Hojbjerg",14:29:44.9,43.30500016666666,5.46181,2.05000164,85,3.1944470000000003
"Hojbjerg",14:29:45.0,43.30500166666667,5.461811333333333,2.09444612,85,0.4444448000000012
"Hojbjerg",14:29:45.1,43.30500316666667,5.4618125,2.09444612,85,0
"Hojbjerg",14:29:45.2,43.30500416666666,5.461814166666667,1.7222236,84,3.7222252000000022
"Hojbjerg",14:29:45.3,43.30500533333333,5.461815666666667,1.65000132,84,0.7222227999999986
"Hojbjerg",14:29:45.4,43.30500683333333,5.461816833333334,1.99444604,84,3.444447199999998
"Hojbjerg",14:29:45.5,43.3050085,5.461818,2.0138905,84,0.19444460000000108
"Hojbjerg",14:29:45.6,43.305010333333335,5.461819,2.0416683,84,0.27777799999999964
"Hojbjerg",14:29:45.7,43.305012166666664,5.461819833333334,2.14722394,84,1.0555563999999995
"Hojbjerg",14:29:45.8,43.30501366666667,5.461821166666667,2.24722402,84,1.0000008000000005
"Hojbjerg",14:29:45.9,43.3050145,5.461822166666667,1.69166802,85,5.555559999999999
"Hojbjerg",14:29:46.0,43.305016,5.461822833333334,1.56389014,85,1.2777788
"Hojbjerg",14:29:46.1,43.305017166666666,5.461823833333334,1.48333452,85,0.8055561999999994
"Hojbjerg",14:29:46.2,43.305019,5.4618253333333335,2.14166838,85,0
"Hojbjerg",14:29:46.3,43.30502066666667,5.461826166666667,1.99166826,85,1.5000012000000007
"Hojbjerg",14:29:46.4,43.305022,5.461826,1.67777912,85,3.138891399999999
"Hojbjerg",14:29:46.5,43.305022666666666,5.461826166666667,1.21944542,85,4.583337
"Hojbjerg",14:29:46.6,43.30502416666667,5.461826166666667,1.44166782,85,2.2222239999999993
"Hojbjerg",14:29:46.7,43.305025666666666,5.461826333333334,1.54722346,85,1.0555564000000017
"Hojbjerg",14:29:46.8,43.30502733333333,5.461826833333333,1.78889032,85,2.416668599999998
"Hojbjerg",14:29:46.9,43.305029166666664,5.461827166666667,2.01666828,85,2.277779600000003
"Hojbjerg",14:29:47.0,43.305031,5.461827333333334,2.06111276,85,0.44444479999999675
"Hojbjerg",14:29:47.1,43.305032833333335,5.4618265,2.07222388,85,0.11111120000000252
"Hojbjerg",14:29:47.2,43.305034,5.461825833333333,1.6805569,85,3.916669800000001
"Hojbjerg",14:29:47.3,43.305035833333335,5.4618255,1.8750015,86,1.9444459999999997
"Hojbjerg",14:29:47.4,43.305037666666664,5.461824333333333,2.17222396,86,2.972224600000002
"Hojbjerg",14:29:47.5,43.305040166666664,5.461823333333333,2.63055766,86,4.583336999999998
"Hojbjerg",14:29:47.6,43.30504233333333,5.461822333333334,2.5694465,86,0.6111115999999983
"Hojbjerg",14:29:47.7,43.305043833333336,5.461820666666667,2.2361129,86,3.333336
"Hojbjerg",14:29:47.8,43.3050455,5.4618195,2.13333504,86,1.0277786000000022
"Hojbjerg",14:29:47.9,43.305047333333334,5.461817833333333,2.3888908,86,2.5555576
"Hojbjerg",14:29:48.0,43.30504916666667,5.4618165,2.2916685,87,0.9722229999999987
"Hojbjerg",14:29:48.1,43.30505083333333,5.461815166666667,2.20277954,87,0.8888896000000024
"Hojbjerg",14:29:48.2,43.30505233333333,5.461813666666667,2.11666836,87,0.8611118000000006
"Hojbjerg",14:29:48.3,43.30505316666667,5.4618125,1.65555688,87,4.6111147999999975
"Hojbjerg",14:29:48.4,43.305054,5.461811333333333,1.29444548,87,3.6111139999999997
"Hojbjerg",14:29:48.5,43.3050545,5.461810333333333,1.16944538,87,1.2500010000000006
"Hojbjerg",14:29:48.6,43.305055,5.461809,1.20277874,87,0.3333336000000009
"Hojbjerg",14:29:48.7,43.30505533333333,5.461808333333334,0.77222284,87,4.305559000000001
"Hojbjerg",14:29:48.8,43.305056,5.461808,0.7777784,87,0.05555560000000015
"Hojbjerg",14:29:48.9,43.3050565,5.461807666666667,0.70555612,87,0.7222227999999997
"Hojbjerg",14:29:49.0,43.30505716666667,5.461807333333334,0.7361117,87,0.30555580000000027
"Hojbjerg",14:29:49.1,43.305057833333336,5.461807333333334,0.694445,87,0.41666700000000056
"Hojbjerg",14:29:49.2,43.305058,5.4618075,0.3611114,87,3.333335999999999
"Hojbjerg",14:29:49.3,43.30505816666666,5.461807833333333,0.30833358,87,0.5277782000000003
"Hojbjerg",14:29:49.4,43.305058,5.461808333333334,0.32222248,87,0.13888899999999982
"Hojbjerg",14:29:49.5,43.305058333333335,5.461808666666667,0,87,3.2222248
"Hojbjerg",14:29:49.6,43.30505866666667,5.461808,0.64444496,87,0
"Hojbjerg",14:29:49.7,43.3050595,5.461806666666667,1.30000104,87,0
"Hojbjerg",14:29:49.8,43.305060833333336,5.461804,2.15555728,87,0
"Hojbjerg",14:29:49.9,43.305062,5.461802,2.04722386,87,1.0833342000000012
"Hojbjerg",14:29:50.0,43.305062666666664,5.461799833333333,1.73055694,87,3.1666691999999985
"Hojbjerg",14:29:50.1,43.305063833333335,5.4617965,2.94166902,88,0
"Hojbjerg",14:29:50.2,43.3050645,5.4617935,2.500002,88,4.416670200000001
"Hojbjerg",14:29:50.3,43.30506583333334,5.461790833333333,2.60555764,88,1.0555563999999995
"Hojbjerg",14:29:50.4,43.305067333333334,5.461788666666667,2.44166862,88,1.638890199999996
"Hojbjerg",14:29:50.5,43.305069,5.461786666666667,2.35833522,88,0.8333340000000033
"Hojbjerg",14:29:50.6,43.305070666666666,5.4617856666666675,2.13055726,88,2.2777796000000006
"Hojbjerg",14:29:50.7,43.305071833333336,5.461784833333334,1.64444576,88,4.861114999999998
"Hojbjerg",14:29:50.8,43.305073,5.461783166666668,1.805557,88,1.611112400000001
"Hojbjerg",14:29:50.9,43.305074,5.461781,1.9305571,88,1.2500009999999984
"Hojbjerg",14:29:51.0,43.3050745,5.4617795,1.53055678,88,4.000003199999999
"Hojbjerg",14:29:51.1,43.30507466666667,5.4617785,1.21111208,88,3.1944470000000003
"Hojbjerg",14:29:51.2,43.30507466666667,5.461777166666667,1.10555644,88,1.0555563999999995
"Hojbjerg",14:29:51.3,43.30507433333333,5.461775166666667,1.1805565,88,0.7500006000000004
"Hojbjerg",14:29:51.4,43.30507433333333,5.461772833333334,1.7638903,88,5.833337999999999
"Hojbjerg",14:29:51.5,43.3050745,5.461771666666667,1.23888988,88,5.250004199999998
"Hojbjerg",14:29:51.6,43.305074,5.4617695,1.66111244,88,4.222225599999998
"Hojbjerg",14:29:51.7,43.305072833333334,5.4617675,1.81666812,88,1.555556800000002
"Hojbjerg",14:29:51.8,43.305071833333336,5.461766,1.81111256,88,0.05555560000000126
"Hojbjerg",14:29:51.9,43.305070666666666,5.461764666666667,1.77222364,88,0.38888919999999993
"Hojbjerg",14:29:52.0,43.30506883333334,5.461762666666667,2.25277958,88,4.805559399999999
"Hojbjerg",14:29:52.1,43.305067333333334,5.461760333333333,2.4027797,89,1.5000012000000007
"Hojbjerg",14:29:52.2,43.30506583333334,5.461758333333334,2.40555748,89,0.02777780000000174
"Hojbjerg",14:29:52.3,43.305064,5.4617565,2.53333536,89,1.2777788
"Hojbjerg",14:29:52.4,43.3050615,5.461754833333334,2.68889104,89,1.5555567999999997
"Hojbjerg",14:29:52.5,43.305059166666666,5.4617535,2.78611334,89,0.9722229999999987
"Hojbjerg",14:29:52.6,43.305057,5.461752333333334,2.65555768,89,1.3055566000000018
"Hojbjerg",14:29:52.7,43.30505466666666,5.461751166666668,2.59444652,91,0.6111115999999983
"Hojbjerg",14:29:52.8,43.30505216666667,5.461749833333334,2.85833562,91,2.638891000000001
"Hojbjerg",14:29:52.9,43.30505016666667,5.461747833333334,2.89166898,91,0.3333335999999987
"Hojbjerg",14:29:53.0,43.305048166666666,5.461746166666667,2.75555776,91,1.3611122000000009
"Hojbjerg",14:29:53.1,43.3050455,5.4617445,2.97778016,91,2.2222240000000015
"Hojbjerg",14:29:53.2,43.30504266666667,5.461743166666667,3.1388914,91,1.6111123999999988
"Hojbjerg",14:29:53.3,43.30503966666666,5.461741666666667,3.53055838,91,3.916669800000001
"Hojbjerg",14:29:53.4,43.305037166666665,5.461740166666667,3.13611362,91,3.9444475999999984
"Hojbjerg",14:29:53.5,43.30503433333333,5.4617385,3.30000264,91,1.6388902000000005
"Hojbjerg",14:29:53.6,43.30503133333333,5.461736,3.76111412,91,4.611114799999996
"Hojbjerg",14:29:53.7,43.30502883333333,5.461734,3.46111388,91,3.000002399999997
"Hojbjerg",14:29:53.8,43.305025666666666,5.461732166666667,3.58889176,91,1.2777788
"Hojbjerg",14:29:53.9,43.30502233333333,5.46173,3.87222532,91,2.8333356
"Hojbjerg",14:29:54.0,43.30501933333333,5.4617285,3.7916697,93,0.8055562000000016
"Hojbjerg",14:29:54.1,43.30501616666667,5.4617265,3.76944746,93,0.2222224000000006
"Hojbjerg",14:29:54.2,43.30501283333333,5.461724333333334,3.96111428,93,1.9166682000000002
"Hojbjerg",14:29:54.3,43.3050095,5.4617215,4.36389238,93,4.027781000000004
"Hojbjerg",14:29:54.4,43.3050065,5.461719666666666,3.87778088,93,4.8611150000000025
"Hojbjerg",14:29:54.5,43.30500316666667,5.4617175,3.97778096,93,1.0000008000000005
"Hojbjerg",14:29:54.6,43.304999333333335,5.461715666666667,4.36944794,93,3.9166697999999966
"Hojbjerg",14:29:54.7,43.30499616666667,5.461714,3.9722254,94,3.9722253999999957
"Hojbjerg",14:29:54.8,43.30499266666667,5.461712,4.05833658,94,0.8611117999999962
"Hojbjerg",14:29:54.9,43.30498866666667,5.461709833333334,4.57500366,94,5.166670800000004
"Hojbjerg",14:29:55.0,43.304985,5.461707666666667,4.58889256,94,0.13888899999999538
"Hojbjerg",14:29:55.1,43.30498216666666,5.461705333333334,3.94722538,94,0
"Hojbjerg",14:29:55.2,43.30497816666667,5.461703166666667,4.49444804,94,5.472226600000001
"Hojbjerg",14:29:55.3,43.30497466666667,5.461701833333334,4.21111448,95,2.8333356
"Hojbjerg",14:29:55.4,43.30497183333333,5.461700333333333,3.63611402,95,5.7500046000000005
"Hojbjerg",14:29:55.5,43.3049685,5.4616985,3.90000312,95,2.638891000000001
"Hojbjerg",14:29:55.6,43.304965,5.461696333333334,4.30278122,95,4.027780999999999
"Hojbjerg",14:29:55.7,43.30496266666667,5.4616948333333335,3.35278046,95,0
"Hojbjerg",14:29:55.8,43.3049605,5.461693333333334,2.87778008,95,4.7500038
"Hojbjerg",14:29:55.9,43.30495716666666,5.461692333333334,3.50278058,96,0
"Hojbjerg",14:29:56.0,43.304954,5.461692,3.42500274,96,0.7777783999999999
"Hojbjerg",14:29:56.1,43.3049515,5.461691666666667,3.0000024,96,4.2500034
"Hojbjerg",14:29:56.2,43.30494833333333,5.461691,3.25833594,96,2.5833353999999975
"Hojbjerg",14:29:56.3,43.30494533333333,5.461690166666666,3.51111392,96,2.527779800000003
"Hojbjerg",14:29:56.4,43.30494266666666,5.461689833333334,3.1527803,96,3.5833362000000024
"Hojbjerg",14:29:56.5,43.304939833333336,5.461690166666666,3.01111352,97,1.4166678
"Hojbjerg",14:29:56.6,43.30493733333333,5.461689833333334,3.01111352,97,0
"Hojbjerg",14:29:56.7,43.3049345,5.461690166666666,3.17500254,97,1.6388902000000005
"Hojbjerg",14:29:56.8,43.30493233333333,5.461690166666666,2.64722434,97,5.2777819999999975
"Hojbjerg",14:29:56.9,43.304929666666666,5.461690166666666,2.7222244,97,0.7500005999999981
"Hojbjerg",14:29:57.0,43.30492666666667,5.46169,3.23055814,97,5.083337399999999
"Hojbjerg",14:29:57.1,43.304924166666666,5.4616895,3.0138913,98,2.166668399999998
"Hojbjerg",14:29:57.2,43.30492183333334,5.461688333333334,2.8194467,98,1.944446000000002
"Hojbjerg",14:29:57.3,43.30491833333333,5.461688333333334,3.29444708,98,4.7500038
"Hojbjerg",14:29:57.4,43.30491633333333,5.461688,2.78611334,98,5.083337399999999
"Hojbjerg",14:29:57.5,43.304914333333336,5.461686666666667,2.6527799,98,1.3333343999999991
"Hojbjerg",14:29:57.6,43.30491166666666,5.4616855,2.96111348,98,3.0833357999999977
"Hojbjerg",14:29:57.7,43.3049085,5.461683666666667,3.65555848,99,0
"Hojbjerg",14:29:57.8,43.304906333333335,5.4616825,2.70555772,99,0
"Hojbjerg",14:29:57.9,43.304904,5.461681166666667,2.83055782,99,1.2500010000000028
"Hojbjerg",14:29:58.0,43.30490216666667,5.461679833333334,2.58055762,99,2.500002000000001
"Hojbjerg",14:29:58.1,43.304900333333336,5.461678166666667,2.60277986,99,0.2222224000000006
"Hojbjerg",14:29:58.2,43.30489816666667,5.461676833333334,2.50833534,99,0.9444452000000014
"Hojbjerg",14:29:58.3,43.30489633333334,5.4616755,2.47500198,100,0.3333335999999987
"Hojbjerg",14:29:58.4,43.3048955,5.461674166666667,1.42500114,100,0
"Hojbjerg",14:29:58.5,43.30489433333333,5.461673166666667,1.50833454,100,0.8333339999999989
"Hojbjerg",14:29:58.6,43.304893,5.461671333333333,2.0277794,100,5.194448600000001
"Hojbjerg",14:29:58.7,43.3048915,5.461670333333333,1.91944598,100,1.083334199999999
"Hojbjerg",14:29:58.8,43.304889833333334,5.461669166666667,1.98889048,100,0.6944449999999991
"Hojbjerg",14:29:58.9,43.3048885,5.4616681666666675,1.79444588,101,1.9444459999999997
"Hojbjerg",14:29:59.0,43.304887666666666,5.4616675,1.1805565,101,0
"Hojbjerg",14:29:59.1,43.304887,5.461666833333334,1.0277786,101,1.5277790000000002
"Hojbjerg",14:29:59.2,43.30488633333333,5.461666166666666,0.85000068,101,1.7777792000000003
"Hojbjerg",14:29:59.3,43.304886,5.461665333333333,0.70000056,101,1.5000011999999996
"Hojbjerg",14:29:59.4,43.304886,5.461664833333334,0.51944486,101,1.8055569999999999
"Hojbjerg",14:29:59.5,43.304886,5.461664166666667,0.44166702,103,0.7777783999999999
"Hojbjerg",14:29:59.6,43.304886,5.461663833333334,0,103,4.4166701999999995
"Hojbjerg",14:29:59.7,43.304886,5.461663333333333,0,103,0
"Hojbjerg",14:29:59.8,43.304886,5.461663,0,103,0
"Hojbjerg",14:29:59.9,43.304886,5.4616628333333335,0,103,0
"Hojbjerg",14:30:00.0,43.30488616666666,5.461662333333333,0,103,0
"Hojbjerg",14:30:00.1,43.30488616666666,5.461662,0,103,0
"Hojbjerg",14:30:00.2,43.30488633333333,5.461661833333334,0,103,0
"Hojbjerg",14:30:00.3,43.30488633333333,5.461661666666667,0,103,0
"Hojbjerg",14:30:00.4,43.30488633333333,5.4616615,0,103,0
"Hojbjerg",14:30:00.5,43.30488633333333,5.4616615,0,103,0
"Hojbjerg",14:30:00.6,43.30488616666666,5.4616615,0,103,0
"Hojbjerg",14:30:00.7,43.30488616666666,5.4616615,0,103,0
"Hojbjerg",14:30:00.8,43.304886,5.461661666666667,0,103,0
"Hojbjerg",14:30:00.9,43.304886,5.461661833333334,0,103,0
"Hojbjerg",14:30:01.0,43.304886,5.461662,0,103,0
"Hojbjerg",14:30:01.1,43.304886,5.461662,0,103,0
"Hojbjerg",14:30:01.2,43.304886,5.461662166666667,0,104,0
"Hojbjerg",14:30:01.3,43.304886,5.461662333333333,0,104,0
"Hojbjerg",14:30:01.4,43.304886,5.461662333333333,0,104,0
"Hojbjerg",14:30:01.5,43.304886,5.461662333333333,0,104,0
"Hojbjerg",14:30:01.6,43.30488583333334,5.4616625,0,104,0
"Hojbjerg",14:30:01.7,43.30488583333334,5.4616625,0,105,0
"Hojbjerg",14:30:01.8,43.304885666666664,5.461662666666667,0,105,0
"Hojbjerg",14:30:01.9,43.304885666666664,5.4616628333333335,0,105,0
"Hojbjerg",14:30:02.0,43.3048855,5.461663166666667,0,105,0
"Hojbjerg",14:30:02.1,43.3048855,5.461663333333333,0,105,0
"Hojbjerg",14:30:02.2,43.30488533333334,5.4616635,0,105,0
"Hojbjerg",14:30:02.3,43.304885166666665,5.461663833333334,0,106,0
"Hojbjerg",14:30:02.4,43.304885166666665,5.461664,0,106,0
"Hojbjerg",14:30:02.5,43.304885,5.461664166666667,0,106,0
"Hojbjerg",14:30:02.6,43.304885166666665,5.4616645,0,106,0
"Hojbjerg",14:30:02.7,43.30488533333334,5.4616645,0,106,0
"Hojbjerg",14:30:02.8,43.3048855,5.461664666666667,0,106,0
"Hojbjerg",14:30:02.9,43.304886,5.461665,0.42500034,106,4.2500034
"Hojbjerg",14:30:03.0,43.3048865,5.461665333333333,0.50555596,106,0.8055562000000005
"Hojbjerg",14:30:03.1,43.30488683333333,5.4616655,0.52222264,106,0.16666679999999934
"Hojbjerg",14:30:03.2,43.30488733333333,5.461666,0.60000048,106,0.7777783999999999
"Hojbjerg",14:30:03.3,43.30488783333333,5.4616663333333335,0.67222276,106,0.7222228000000008
"Hojbjerg",14:30:03.4,43.30488816666667,5.461666666666667,0.555556,106,1.1666675999999998
"Hojbjerg",14:30:03.5,43.30488833333333,5.4616671666666665,0.51666708,104,0.38888920000000105
"Hojbjerg",14:30:03.6,43.3048885,5.461667666666667,0.5138893,104,0.02777779999999952
"Hojbjerg",14:30:03.7,43.30488833333333,5.461668333333334,0.5416671,104,0.27777799999999964
"Hojbjerg",14:30:03.8,43.30488816666667,5.461669166666667,0.67222276,104,1.3055566000000007
"Hojbjerg",14:30:03.9,43.30488783333333,5.461669833333334,0.66944498,104,0.02777780000000063
"Hojbjerg",14:30:04.0,43.304887666666666,5.4616705,0.70555612,104,0.3611114000000004
"Hojbjerg",14:30:04.1,43.3048875,5.461671333333333,0.65833386,103,0.4722225999999996
"Hojbjerg",14:30:04.2,43.304887666666666,5.461671833333334,0.59166714,103,0.6666672000000007
"Hojbjerg",14:30:04.3,43.304887666666666,5.461672666666667,0.65833386,103,0.6666672000000007
"Hojbjerg",14:30:04.4,43.30488816666667,5.4616735,0.74722282,103,0.8888895999999991
"Hojbjerg",14:30:04.5,43.3048885,5.461674333333334,0.79444508,103,0.4722226000000007
"Hojbjerg",14:30:04.6,43.304889,5.461675166666667,0.84444512,104,0.5000004000000002
"Hojbjerg",14:30:04.7,43.304889333333335,5.461676,0.84444512,104,0
"Hojbjerg",14:30:04.8,43.3048895,5.461677,0.76666728,104,0.777778400000001
"Hojbjerg",14:30:04.9,43.3048895,5.461678166666667,0.92500074,104,1.5833346000000004
"Hojbjerg",14:30:05.0,43.3048895,5.4616795,1.0555564,104,1.3055565999999996
"Hojbjerg",14:30:05.1,43.304889333333335,5.461680833333334,1.0555564,104,0
"Hojbjerg",14:30:05.2,43.30488916666666,5.461682,1.00833414,102,0.4722225999999985
"Hojbjerg",14:30:05.3,43.30488916666666,5.461683,0.82777844,102,1.805557000000001
"Hojbjerg",14:30:05.4,43.30488916666666,5.461683833333333,0.78333396,102,0.4444448000000001
"Hojbjerg",14:30:05.5,43.304889333333335,5.461684833333334,0.80000064,102,0.16666680000000045
"Hojbjerg",14:30:05.6,43.30488966666666,5.4616853333333335,0.62222272,102,1.7777792000000003
"Hojbjerg",14:30:05.7,43.30488966666666,5.461686,0.5416671,102,0.8055562000000005
"Hojbjerg",14:30:05.8,43.304889333333335,5.461686833333333,0.64444496,102,1.0277786
"Hojbjerg",14:30:05.9,43.304889,5.461687666666666,0.79722286,102,1.5277790000000002
"Hojbjerg",14:30:06.0,43.30488833333333,5.4616885,0.89722294,102,1.0000008000000005
"Hojbjerg",14:30:06.1,43.3048875,5.4616895,1.0833342,102,1.861112599999999
"Hojbjerg",14:30:06.2,43.30488683333333,5.461690166666666,0.95277854,102,1.3055565999999996
"Hojbjerg",14:30:06.3,43.3048865,5.461690666666667,0.67500054,102,2.7777799999999995
"Hojbjerg",14:30:06.4,43.30488633333333,5.461690833333334,0.39444476,102,2.8055577999999994
"Hojbjerg",14:30:06.5,43.30488616666666,5.4616913333333335,0,102,3.9444475999999997
"Hojbjerg",14:30:06.6,43.304886,5.461692,0.45555592,102,4.555559199999999
"Hojbjerg",14:30:06.7,43.3048855,5.461694666666667,1.83889036,102,0
"Hojbjerg",14:30:06.8,43.304885166666665,5.461697333333333,2.1111128,102,2.7222243999999995
"Hojbjerg",14:30:06.9,43.304885166666665,5.461699833333333,2.02222384,102,0.888889599999998
"Hojbjerg",14:30:07.0,43.304885166666665,5.461703166666667,2.64722434,103,0
"Hojbjerg",14:30:07.1,43.3048855,5.461705333333334,1.92222376,103,0
"Hojbjerg",14:30:07.2,43.304885166666665,5.461708,2.15555728,103,2.3333351999999996
"Hojbjerg",14:30:07.3,43.304884666666666,5.461711333333334,2.73055774,103,5.7500046000000005
"Hojbjerg",14:30:07.4,43.30488383333333,5.461714333333333,2.40833526,103,3.222224800000002
"Hojbjerg",14:30:07.5,43.30488366666667,5.461716833333334,2.24722402,103,1.6111123999999988
"Hojbjerg",14:30:07.6,43.3048835,5.461719333333334,2.0416683,102,2.0555572
"Hojbjerg",14:30:07.7,43.3048835,5.461721,1.28055658,102,0
"Hojbjerg",14:30:07.8,43.30488283333333,5.4617235,2.00833494,102,0
"Hojbjerg",14:30:07.9,43.304882666666664,5.461725,1.39722334,102,0
"Hojbjerg",14:30:08.0,43.30488283333333,5.461725166666667,0.58055602,102,0
"Hojbjerg",14:30:08.1,43.30488233333334,5.461724833333333,0,102,5.8055601999999995
"Hojbjerg",14:30:08.2,43.304882,5.461724,0.5277782,103,5.277781999999999
"Hojbjerg",14:30:08.3,43.304882166666665,5.461722833333334,0.8611118,103,3.333336
"Hojbjerg",14:30:08.4,43.304882,5.461721333333333,1.05833418,103,1.9722237999999992
"Hojbjerg",14:30:08.5,43.304882,5.461719666666666,1.07222308,103,0.13888900000000204
"Hojbjerg",14:30:08.6,43.30488283333333,5.461718333333334,1.2916677,103,2.1944462
"Hojbjerg",14:30:08.7,43.30488283333333,5.461717166666666,1.0555564,103,2.3611130000000013
"Hojbjerg",14:30:08.8,43.30488316666666,5.461715833333333,1.17222316,101,1.1666675999999998
"Hojbjerg",14:30:08.9,43.30488316666666,5.461714,1.3750011,101,2.0277794000000005
"Hojbjerg",14:30:09.0,43.30488333333333,5.461712166666667,1.55277902,101,1.7777792000000003
"Hojbjerg",14:30:09.1,43.30488333333333,5.461710666666667,1.4166678,101,1.3611122000000009
"Hojbjerg",14:30:09.2,43.30488316666666,5.46171,0.7222228,101,0
"Hojbjerg",14:30:09.3,43.30488316666666,5.461709333333333,0.51666708,101,2.055557200000001
"Hojbjerg",14:30:09.4,43.30488316666666,5.461709,0.3472225,101,1.6944457999999996
"Hojbjerg",14:30:09.5,43.30488316666666,5.461708833333334,0,101,3.472225
"Hojbjerg",14:30:09.6,43.30488333333333,5.461708833333334,0,101,0
"Hojbjerg",14:30:09.7,43.30488333333333,5.461708833333334,0,101,0
"Hojbjerg",14:30:09.8,43.30488333333333,5.4617086666666665,0,101,0
"Hojbjerg",14:30:09.9,43.30488333333333,5.461708166666667,0.48055594,101,4.8055594
"Hojbjerg",14:30:10.0,43.30488333333333,5.461707,0.87777848,101,3.9722254
"Hojbjerg",14:30:10.1,43.30488333333333,5.4617055,1.24166766,101,3.6388918
"Hojbjerg",14:30:10.2,43.3048835,5.461703,1.7500014,101,5.083337399999999
"Hojbjerg",14:30:10.3,43.30488316666666,5.461701333333334,1.32777884,101,4.2222256
"Hojbjerg",14:30:10.4,43.30488383333333,5.4617,1.2083343,101,1.1944453999999993
"Hojbjerg",14:30:10.5,43.3048835,5.461698666666667,1.26666768,101,0.583333800000001
"Hojbjerg",14:30:10.6,43.304882666666664,5.461697,1.48889008,101,2.2222239999999993
"Hojbjerg",14:30:10.7,43.304882666666664,5.461695,1.6388902,101,1.5000012000000007
"Hojbjerg",14:30:10.8,43.30488233333334,5.4616935,1.29722326,101,3.416669400000001
"Hojbjerg",14:30:10.9,43.30488233333334,5.461692333333334,0.90000072,101,3.9722254
"Hojbjerg",14:30:11.0,43.3048825,5.461691166666667,0.92222296,101,0.2222224000000006
"Hojbjerg",14:30:11.1,43.304882166666665,5.461690166666666,0.97777856,101,0.5555559999999993
"Hojbjerg",14:30:11.2,43.3048825,5.461688666666667,1.04722306,101,0.6944450000000013
"Hojbjerg",14:30:11.3,43.3048825,5.461687666666666,0.92777852,101,1.1944454000000004
"Hojbjerg",14:30:11.4,43.30488233333334,5.461686833333333,0.77500062,101,1.5277790000000002
"Hojbjerg",14:30:11.5,43.304882166666665,5.461686,0.74722282,101,0.27777800000000075
"Hojbjerg",14:30:11.6,43.30488233333334,5.461686333333334,0,101,0
"Hojbjerg",14:30:11.7,43.3048825,5.461686666666667,0.31111136,102,3.1111136
"Hojbjerg",14:30:11.8,43.3048825,5.461686666666667,0,102,3.1111136
"Hojbjerg",14:30:11.9,43.304882666666664,5.4616865,0,102,0
"Hojbjerg",14:30:12.0,43.30488333333333,5.461686333333334,0.61666716,102,0
"Hojbjerg",14:30:12.1,43.30488366666667,5.461686166666667,0.36944474,102,2.4722242
"Hojbjerg",14:30:12.2,43.304885,5.461685666666667,1.1805565,102,0
"Hojbjerg",14:30:12.3,43.30488616666666,5.461684833333334,1.42222336,102,2.4166686000000004
"Hojbjerg",14:30:12.4,43.30488733333333,5.461684166666667,1.38333444,102,0.38888919999999993
"Hojbjerg",14:30:12.5,43.304888,5.461683333333334,1.18333428,102,2.000001600000001
"Hojbjerg",14:30:12.6,43.30488866666666,5.461683666666667,0.79722286,102,3.8611142
"Hojbjerg",14:30:12.7,43.30489,5.461684333333333,1.25277878,102,4.555559200000001
"Hojbjerg",14:30:12.8,43.30489116666667,5.4616835,1.250001,102,0.02777780000000174
"Hojbjerg",14:30:12.9,43.30489133333333,5.4616845,0.60833382,103,0
"Hojbjerg",14:30:13.0,43.30489116666667,5.461686333333334,1.26111212,103,0
"Hojbjerg",14:30:13.1,43.30489116666667,5.461688166666667,1.48333452,103,2.2222240000000015
"Hojbjerg",14:30:13.2,43.30489083333333,5.461689666666667,1.39166778,103,0.9166674000000019
"Hojbjerg",14:30:13.3,43.30489033333333,5.4616913333333335,1.33611218,103,0.5555559999999993
"Hojbjerg",14:30:13.4,43.30488966666666,5.461693166666667,1.53889012,103,2.0277794000000005
"Hojbjerg",14:30:13.5,43.3048895,5.461695166666667,1.63611242,103,0.9722229999999987
"Hojbjerg",14:30:13.6,43.3048895,5.461696833333334,1.36666776,103,2.6944466
"Hojbjerg",14:30:13.7,43.30489,5.461698,1.15833426,103,2.0833349999999995
"Hojbjerg",14:30:13.8,43.30489083333333,5.461698666666667,1.0277786,103,1.3055565999999996
"Hojbjerg",14:30:13.9,43.30489166666667,5.461698833333334,0.9166674,103,1.1111119999999997
"Hojbjerg",14:30:14.0,43.304893,5.461698833333334,1.16944538,103,2.5277797999999994
"Hojbjerg",14:30:14.1,43.304894,5.461699,1.1666676,102,0.02777779999999952
"Hojbjerg",14:30:14.2,43.30489466666667,5.461699666666667,1.01944526,102,1.4722234000000012
"Hojbjerg",14:30:14.3,43.3048955,5.4617,0.92222296,102,0.9722229999999987
"Hojbjerg",14:30:14.4,43.304896166666666,5.4617008333333334,0.96944522,102,0.4722225999999996
"Hojbjerg",14:30:14.5,43.30489683333334,5.4617015,0.96111188,102,0.08333339999999967
"Hojbjerg",14:30:14.6,43.30489766666667,5.4617026666666675,1.17222316,102,2.111112799999999
"Hojbjerg",14:30:14.7,43.3048985,5.461704166666666,1.37777888,103,2.0555572
"Hojbjerg",14:30:14.8,43.30489916666667,5.4617055,1.28888992,103,0.8888896000000002
"Hojbjerg",14:30:14.9,43.30489983333334,5.461707166666667,1.50555676,103,2.1666684000000003
"Hojbjerg",14:30:15.0,43.30490083333333,5.461709333333333,2.0416683,103,5.3611154
"Hojbjerg",14:30:15.1,43.30490183333333,5.461711333333334,1.90000152,103,1.4166678
"Hojbjerg",14:30:15.2,43.30490266666667,5.461713166666667,1.7500014,103,1.5000012000000007
"Hojbjerg",14:30:15.3,43.304903,5.461715333333334,1.97500158,103,2.250001800000001
"Hojbjerg",14:30:15.4,43.30490366666666,5.4617181666666665,2.31666852,103,3.4166693999999986
"Hojbjerg",14:30:15.5,43.304903833333334,5.461720166666667,1.70000136,103,0
"Hojbjerg",14:30:15.6,43.3049045,5.461722166666666,1.8750015,103,1.7500014000000008
"Hojbjerg",14:30:15.7,43.30490533333333,5.461724333333334,1.99444604,103,1.1944453999999993
"Hojbjerg",14:30:15.8,43.304906,5.461725833333333,1.55000124,103,4.444447999999999
"Hojbjerg",14:30:15.9,43.304906333333335,5.461727,0.98888968,103,5.611115600000001
"Hojbjerg",14:30:16.0,43.304907,5.461728166666667,1.13055646,103,1.4166678
"Hojbjerg",14:30:16.1,43.30490733333333,5.461729333333333,1.14722314,103,0.16666679999999934
"Hojbjerg",14:30:16.2,43.304907666666665,5.4617305,1.0555564,103,0.9166673999999997
"Hojbjerg",14:30:16.3,43.304907666666665,5.4617315,0.8750007,103,1.8055569999999999
"Hojbjerg",14:30:16.4,43.30490783333333,5.4617328333333335,0.93888964,104,0.6388894
"Hojbjerg",14:30:16.5,43.30490783333333,5.461733833333334,0.89444516,104,0.4444448000000001
"Hojbjerg",14:30:16.6,43.304908,5.4617345,0.69166722,104,2.027779399999999
"Hojbjerg",14:30:16.7,43.304908166666664,5.461735,0.50277818,104,1.8888904000000006
"Hojbjerg",14:30:16.8,43.304908166666664,5.461735333333333,0.36944474,104,1.3333343999999996
"Hojbjerg",14:30:16.9,43.3049085,5.461735666666667,0.36666696,104,0.027777800000000075
"Hojbjerg",14:30:17.0,43.30490883333333,5.461736,0.44722258,104,0.8055562
"Hojbjerg",14:30:17.1,43.304909,5.461735833333334,0.31666692,104,1.3055565999999996
"Hojbjerg",14:30:17.2,43.30490966666667,5.461735833333334,0.57222268,104,2.5555575999999993
"Hojbjerg",14:30:17.3,43.3049105,5.461735833333334,0.7638895,104,1.9166682000000002
"Hojbjerg",14:30:17.4,43.30491116666666,5.4617355,0.81666732,104,0.5277781999999998
"Hojbjerg",14:30:17.5,43.30491183333333,5.461735333333333,0.86388958,104,0.4722226000000007
"Hojbjerg",14:30:17.6,43.30491266666667,5.461735,0.84444512,104,0.19444459999999997
"Hojbjerg",14:30:17.7,43.30491333333333,5.461735,0.84166734,104,0.02777780000000063
"Hojbjerg",14:30:17.8,43.30491383333334,5.461735166666667,0.53888932,104,3.0277801999999996
"Hojbjerg",14:30:17.9,43.3049145,5.461735833333334,0.78611174,104,2.4722241999999994
"Hojbjerg",14:30:18.0,43.304915,5.4617363333333335,0.74444504,104,0.41666699999999945
"Hojbjerg",14:30:18.1,43.304915666666666,5.461736833333334,0.81666732,103,0.7222227999999997
"Hojbjerg",14:30:18.2,43.30491633333333,5.4617375,0.83055622,103,0.13888899999999982
"Hojbjerg",14:30:18.3,43.30491716666667,5.461738,1.01111192,103,1.805557000000001
"Hojbjerg",14:30:18.4,43.30491816666667,5.461738166666667,0.98888968,103,0.2222224000000006
"Hojbjerg",14:30:18.5,43.30491883333333,5.461738166666667,0.9166674,103,0.7222227999999997
"Hojbjerg",14:30:18.6,43.3049195,5.461738166666667,0.68888944,103,2.2777796000000006
"Hojbjerg",14:30:18.7,43.30492,5.461738,0.63333384,103,0.5555559999999993
"Hojbjerg",14:30:18.8,43.30492066666667,5.461737833333333,0.67222276,103,0.38888919999999993
"Hojbjerg",14:30:18.9,43.30492133333333,5.461737833333333,0.72777836,103,0.5555559999999993
"Hojbjerg",14:30:19.0,43.304922166666664,5.461737333333333,0.8194451,103,0.9166674000000008
"Hojbjerg",14:30:19.1,43.3049225,5.461736833333334,0.69722278,103,1.2222232
"Hojbjerg",14:30:19.2,43.30492283333333,5.461736166666666,0.68888944,103,0.08333340000000078
"Hojbjerg",14:30:19.3,43.3049225,5.461736,0.41944478,103,2.694446599999999
"Hojbjerg",14:30:19.4,43.304921,5.4617363333333335,1.06111196,103,0
"Hojbjerg",14:30:19.5,43.30491883333333,5.461737,1.96389046,103,0
"Hojbjerg",14:30:19.6,43.304917,5.4617365,2.03055718,103,0.6666672000000018
"Hojbjerg",14:30:19.7,43.3049155,5.4617363333333335,1.7361125,103,2.9444468000000024
"Hojbjerg",14:30:19.8,43.304913,5.461736666666667,2.39722414,103,0
"Hojbjerg",14:30:19.9,43.3049115,5.461737333333333,2.05833498,102,3.388891599999999
"Hojbjerg",14:30:20.0,43.30490983333333,5.461737833333333,1.94722378,102,1.1111120000000008
"Hojbjerg",14:30:20.1,43.30490883333333,5.461737666666667,1.35555664,102,5.916671399999999
"Hojbjerg",14:30:20.2,43.30490783333333,5.461736833333334,1.34166774,102,0.13888899999999982
"Hojbjerg",14:30:20.3,43.304907,5.461736,1.20555652,102,1.3611122000000009
"Hojbjerg",14:30:20.4,43.304906,5.461735666666667,1.14722314,102,0.583333800000001
"Hojbjerg",14:30:20.5,43.30490566666667,5.461735,0.83888956,102,3.0833357999999986
"Hojbjerg",14:30:20.6,43.30490583333333,5.461734166666667,0.57222268,102,2.6666688000000005
"Hojbjerg",14:30:20.7,43.304906,5.4617335,0.5277782,102,0.4444448000000001
"Hojbjerg",14:30:20.8,43.304906,5.461733166666667,0,102,5.277781999999999
"Hojbjerg",14:30:20.9,43.304907,5.4617336666666665,0.75555616,102,0
"Hojbjerg",14:30:21.0,43.304908166666664,5.461734166666667,1.19166762,102,4.3611146
"Hojbjerg",14:30:21.1,43.30490866666667,5.461734166666667,0.75555616,103,4.3611146
"Hojbjerg",14:30:21.2,43.304909333333335,5.4617345,0.7777784,103,0.2222223999999995
"Hojbjerg",14:30:21.3,43.30490966666667,5.461734833333333,0.5416671,103,2.361113
"Hojbjerg",14:30:21.4,43.30491083333334,5.461735333333333,1.09444532,103,5.5277822
"Hojbjerg",14:30:21.5,43.30491166666666,5.461735666666667,1.05833418,103,0.3611114000000004
"Hojbjerg",14:30:21.6,43.30491266666667,5.461735833333334,1.0555564,103,0.02777779999999952
"Hojbjerg",14:30:21.7,43.30491383333334,5.4617355,1.250001,101,1.9444459999999997
"Hojbjerg",14:30:21.8,43.30491466666666,5.461735166666667,1.02500082,101,2.250001799999999
"Hojbjerg",14:30:21.9,43.304915666666666,5.4617346666666675,1.07500086,101,0.5000004000000002
"Hojbjerg",14:30:22.0,43.30491633333333,5.461734,1.09444532,101,0.19444459999999886
"Hojbjerg",14:30:22.1,43.304917333333336,5.461733833333334,1.10277866,101,0.08333340000000078
"Hojbjerg",14:30:22.2,43.30491816666667,5.4617335,0.95277854,101,1.5000012000000007
"Hojbjerg",14:30:22.3,43.304919,5.4617336666666665,0.89722294,101,0.5555559999999993
"Hojbjerg",14:30:22.4,43.30491983333333,5.461734166666667,0.9583341,101,0.6111115999999994
"Hojbjerg",14:30:22.5,43.30492066666667,5.4617346666666675,1.01666748,101,0.5833337999999999
"Hojbjerg",14:30:22.6,43.30492183333334,5.4617355,1.21666764,101,2.000001600000001
"Hojbjerg",14:30:22.7,43.30492283333333,5.4617365,1.4027789,101,1.861112599999999
"Hojbjerg",14:30:22.8,43.30492383333333,5.461736833333334,1.18888984,101,2.1388905999999985
"Hojbjerg",14:30:22.9,43.304924666666665,5.461737333333333,1.0972231,102,0.9166674000000019
"Hojbjerg",14:30:23.0,43.3049255,5.461738,1.04444528,102,0.5277781999999998
"Hojbjerg",14:30:23.1,43.3049265,5.461738833333333,1.1250009,102,0.8055562000000016
"Hojbjerg",14:30:23.2,43.30492766666667,5.461739666666667,1.37777888,102,2.5277797999999985
"Hojbjerg",14:30:23.3,43.3049285,5.4617406666666675,1.36944554,102,0.08333339999999856
"Hojbjerg",14:30:23.4,43.30492916666667,5.461741833333334,1.26944546,102,1.0000008000000005
"Hojbjerg",14:30:23.5,43.30492983333333,5.461743333333334,1.32222328,102,0.5277781999999998
"Hojbjerg",14:30:23.6,43.30493,5.461744833333334,1.26666768,102,0.5555559999999993
"Hojbjerg",14:30:23.7,43.3049305,5.461746333333333,1.31388994,102,0.4722225999999985
"Hojbjerg",14:30:23.8,43.304931,5.461747833333334,1.35000108,102,0.3611114000000004
"Hojbjerg",14:30:23.9,43.304931333333336,5.461749,1.2083343,102,1.4166678
"Hojbjerg",14:30:24.0,43.304932,5.461750666666667,1.37222332,103,1.6388902000000005
"Hojbjerg",14:30:24.1,43.30493233333333,5.461752166666667,1.30277882,103,0.6944450000000013
"Hojbjerg",14:30:24.2,43.30493283333334,5.4617536666666675,1.35277886,103,0.5000004000000002
"Hojbjerg",14:30:24.3,43.304933166666665,5.461755166666666,1.31388994,103,0.38888919999999993
"Hojbjerg",14:30:24.4,43.3049335,5.461756666666667,1.35555664,103,0.4166670000000017
"Hojbjerg",14:30:24.5,43.30493333333333,5.461758333333334,1.4027789,103,0.4722225999999985
"Hojbjerg",14:30:24.6,43.304933,5.461760166666667,1.42222336,103,0.19444460000000108
"Hojbjerg",14:30:24.7,43.30493283333334,5.461762166666667,1.55000124,103,1.2777788
"Hojbjerg",14:30:24.8,43.3049325,5.461763833333334,1.51944566,103,0.3055558000000014
"Hojbjerg",14:30:24.9,43.3049325,5.4617648333333335,1.13055646,103,3.8888919999999993
"Hojbjerg",14:30:25.0,43.3049325,5.461766166666667,1.1250009,103,0.05555559999999904
"Hojbjerg",14:30:25.1,43.3049325,5.4617675,1.0972231,103,0.27777800000000186
"Hojbjerg",14:30:25.2,43.3049325,5.461769166666667,1.25555656,104,1.5833346000000015
"Hojbjerg",14:30:25.3,43.3049325,5.461771,1.4722234,104,2.1666684000000003
"Hojbjerg",14:30:25.4,43.30493233333333,5.4617725,1.36388998,104,1.0833342000000012
"Hojbjerg",14:30:25.5,43.304932,5.461773666666667,1.19722318,104,1.666668
"Hojbjerg",14:30:25.6,43.3049315,5.461775166666667,1.29444548,104,0.972223000000001
"Hojbjerg",14:30:25.7,43.30493066666667,5.461776666666667,1.42222336,105,1.2777788
"Hojbjerg",14:30:25.8,43.30493,5.4617778333333336,1.31111216,105,1.1111120000000008
"Hojbjerg",14:30:25.9,43.304929666666666,5.461778833333334,1.10833422,105,2.0277794000000005
"Hojbjerg",14:30:26.0,43.304929333333334,5.461779833333334,0.9583341,105,1.5000011999999996
"Hojbjerg",14:30:26.1,43.304929,5.461780666666667,0.8611118,105,0.9722229999999998
"Hojbjerg",14:30:26.2,43.304928833333335,5.4617815,0.74722282,105,1.1388898000000003
"Hojbjerg",14:30:26.3,43.30492866666666,5.461782166666667,0.66388942,106,0.833334
"Hojbjerg",14:30:26.4,43.30492816666666,5.461782666666667,0.74722282,106,0.833334
"Hojbjerg",14:30:26.5,43.3049275,5.461783333333333,0.9166674,106,1.6944458000000007
"Hojbjerg",14:30:26.6,43.30492666666667,5.461784166666667,1.06388974,106,1.4722234
"Hojbjerg",14:30:26.7,43.30492566666666,5.4617846666666665,1.2638899,106,2.0000015999999987
"Hojbjerg",14:30:26.8,43.304925,5.461785,0.9861119,106,2.7777799999999986
"Hojbjerg",14:30:26.9,43.3049245,5.461785,0.61666716,105,3.6944474000000005
"Hojbjerg",14:30:27.0,43.304924,5.461784833333334,0.59444492,105,0.2222223999999995
"Hojbjerg",14:30:27.1,43.30492383333333,5.461784333333334,0.45555592,105,1.3888900000000004
"Hojbjerg",14:30:27.2,43.3049235,5.4617835,0.62222272,105,1.666668
"Hojbjerg",14:30:27.3,43.3049235,5.461782833333333,0.48333372,105,1.3888899999999997
"Hojbjerg",14:30:27.4,43.30492366666667,5.461782833333333,0,105,4.8333372
"Hojbjerg",14:30:27.5,43.30492316666667,5.461781666666667,0.88055626,106,0
"Hojbjerg",14:30:27.6,43.304922166666664,5.461781333333334,1.15000092,106,2.694446600000001
"Hojbjerg",14:30:27.7,43.3049215,5.461781666666667,0.81388954,106,3.3611138000000005
"Hojbjerg",14:30:27.8,43.30492066666667,5.461781833333334,0.96944522,106,1.5555567999999997
"Hojbjerg",14:30:27.9,43.30491983333333,5.461781666666667,0.83888956,106,1.3055565999999996
"Hojbjerg",14:30:28.0,43.304919,5.4617811666666665,0.9444452,106,1.0555563999999995
"Hojbjerg",14:30:28.1,43.30491816666667,5.461780666666667,0.99722302,106,0.5277781999999998
"Hojbjerg",14:30:28.2,43.304917833333334,5.461780166666667,0.70277834,106,2.9444468
"Hojbjerg",14:30:28.3,43.304917333333336,5.461780166666667,0.49722262,106,2.055557199999999
"Hojbjerg",14:30:28.4,43.30491683333333,5.4617803333333335,0.60555604,106,1.0833341999999995
"Hojbjerg",14:30:28.5,43.30491633333333,5.4617805,0.55833378,106,0.4722225999999996
"Hojbjerg",14:30:28.6,43.304916,5.461780666666667,0.4444448,106,1.1388898000000003
"Hojbjerg",14:30:28.7,43.30491583333333,5.4617805,0,106,4.4444479999999995
"Hojbjerg",14:30:28.8,43.304915666666666,5.4617803333333335,0,106,0
"Hojbjerg",14:30:28.9,43.304915666666666,5.46178,0,106,0
"Hojbjerg",14:30:29.0,43.304916,5.461779666666667,0.3333336,106,3.333336
"Hojbjerg",14:30:29.1,43.30491633333333,5.461779,0.58055602,107,2.4722241999999994
"Hojbjerg",14:30:29.2,43.30491683333333,5.461778166666667,0.83888956,107,2.5833354000000006
"Hojbjerg",14:30:29.3,43.30491716666667,5.461777666666667,0.5694449,107,2.6944466
"Hojbjerg",14:30:29.4,43.3049175,5.461777166666667,0.50833374,107,0.6111116000000005
"Hojbjerg",14:30:29.5,43.30491766666666,5.461776833333333,0.3611114,107,1.4722233999999994
"Hojbjerg",14:30:29.6,43.30491766666666,5.461776666666667,0,107,3.611114
"Hojbjerg",14:30:29.7,43.30491766666666,5.4617765,0,106,0
"Hojbjerg",14:30:29.8,43.30491766666666,5.4617765,0,106,0
"Hojbjerg",14:30:29.9,43.30491766666666,5.461776333333334,0,106,0
"Hojbjerg",14:30:30.0,43.30491766666666,5.4617765,0,106,0
"Hojbjerg",14:30:30.1,43.3049175,5.461776833333333,0,106,0
"Hojbjerg",14:30:30.2,43.304917333333336,5.461777166666667,0.3055558,107,3.0555579999999996
"Hojbjerg",14:30:30.3,43.304917333333336,5.461777666666667,0.34166694,107,0.36111139999999986
"Hojbjerg",14:30:30.4,43.30491716666667,5.4617778333333336,0,107,3.4166693999999995
"Hojbjerg",14:30:30.5,43.30491716666667,5.461778166666667,0,107,0
"Hojbjerg",14:30:30.6,43.30491716666667,5.461778333333333,0,107,0
"Hojbjerg",14:30:30.7,43.304917,5.4617785,0,107,0
"Hojbjerg",14:30:30.8,43.30491683333333,5.4617785,0,107,0
"Hojbjerg",14:30:30.9,43.30491683333333,5.4617785,0,107,0
"Hojbjerg",14:30:31.0,43.30491683333333,5.461778666666667,0,107,0
"Hojbjerg",14:30:31.1,43.30491683333333,5.461778666666667,0,107,0
"Hojbjerg",14:30:31.2,43.30491683333333,5.461778666666667,0,107,0
"Hojbjerg",14:30:31.3,43.30491683333333,5.461778666666667,0,107,0
"Hojbjerg",14:30:31.4,43.30491683333333,5.461778666666667,0,105,0
"Hojbjerg",14:30:31.5,43.30491683333333,5.461778666666667,0,105,0
"Hojbjerg",14:30:31.6,43.30491683333333,5.4617785,0,105,0
"Hojbjerg",14:30:31.7,43.304917,5.461778333333333,0,105,0
"Hojbjerg",14:30:31.8,43.304917,5.461778,0,105,0
"Hojbjerg",14:30:31.9,43.30491716666667,5.4617775,0.35277806,105,3.5277806
"Hojbjerg",14:30:32.0,43.304917333333336,5.461777,0.39444476,104,0.416667
"Hojbjerg",14:30:32.1,43.3049175,5.461776666666667,0.3888892,104,0.05555560000000015
"Hojbjerg",14:30:32.2,43.30491766666666,5.461776166666667,0.3472225,104,0.416667
"Hojbjerg",14:30:32.3,43.304917833333334,5.461775833333333,0.30833358,104,0.38888919999999993
"Hojbjerg",14:30:32.4,43.30491766666666,5.4617755,0,104,3.0833358
"Hojbjerg",14:30:32.5,43.304917333333336,5.461775333333334,0.3333336,105,3.333336
"Hojbjerg",14:30:32.6,43.30491683333333,5.461775333333334,0.5277782,105,1.9444459999999997
"Hojbjerg",14:30:32.7,43.304916166666665,5.461775333333334,0.66111164,105,1.3333344000000003
"Hojbjerg",14:30:32.8,43.3049155,5.461775666666666,0.68888944,105,0.27777799999999964
"Hojbjerg",14:30:32.9,43.304914833333335,5.461775666666666,0.8055562,105,1.1666675999999998
"Hojbjerg",14:30:33.0,43.304914333333336,5.461776166666667,0.66388942,105,1.4166678
"Hojbjerg",14:30:33.1,43.304914,5.461776333333334,0.44722258,105,2.1666683999999994
"Hojbjerg",14:30:33.2,43.30491383333334,5.461776166666667,0,105,4.4722257999999995
"Hojbjerg",14:30:33.3,43.30491383333334,5.461776,0,105,0
"Hojbjerg",14:30:33.4,43.30491366666667,5.461776166666667,0,105,0
"Hojbjerg",14:30:33.5,43.30491366666667,5.461776166666667,0,105,0
"Hojbjerg",14:30:33.6,43.30491383333334,5.461776166666667,0,105,0
"Hojbjerg",14:30:33.7,43.304914,5.461776666666667,0.35555584,106,3.5555584
"Hojbjerg",14:30:33.8,43.30491416666666,5.461777,0.32777804,106,0.2777780000000002
"Hojbjerg",14:30:33.9,43.3049145,5.461777333333334,0.39166698,106,0.6388894
"Hojbjerg",14:30:34.0,43.304914833333335,5.461778166666667,0.64444496,106,2.5277797999999994
"Hojbjerg",14:30:34.1,43.30491516666667,5.4617785,0.46944482,106,1.7500013999999997
"Hojbjerg",14:30:34.2,43.30491516666667,5.461778833333334,0,106,4.694448199999999
"Hojbjerg",14:30:34.3,43.30491533333333,5.461779166666667,0,105,0
"Hojbjerg",14:30:34.4,43.3049155,5.461779,0,105,0
"Hojbjerg",14:30:34.5,43.304915666666666,5.461778833333334,0,105,0
"Hojbjerg",14:30:34.6,43.3049155,5.4617785,0,105,0
"Hojbjerg",14:30:34.7,43.30491533333333,5.461777666666667,0.61944494,105,0
"Hojbjerg",14:30:34.8,43.304915666666666,5.4617765,0.91111184,104,2.9166689999999993
"Hojbjerg",14:30:34.9,43.30491633333333,5.461774666666667,1.29444548,104,3.8333364000000003
"Hojbjerg",14:30:35.0,43.3049175,5.461773,1.61944574,104,3.2500025999999993
"Hojbjerg",14:30:35.1,43.30491833333333,5.461771,1.8472237,104,2.2777796000000006
"Hojbjerg",14:30:35.2,43.304919166666664,5.461768,2.29444628,104,4.472225799999998
"Hojbjerg",14:30:35.3,43.30491983333333,5.461765333333333,2.3055574,104,0.11111120000000252
"Hojbjerg",14:30:35.4,43.304920333333335,5.461763166666667,2.00833494,103,2.9722245999999997
"Hojbjerg",14:30:35.5,43.3049215,5.461760166666667,2.4861131,103,4.777781599999997
"Hojbjerg",14:30:35.6,43.30492283333333,5.461757,2.83889116,103,3.5277806000000034
"Hojbjerg",14:30:35.7,43.304924,5.461754333333333,2.64166878,103,1.9722238000000036
"Hojbjerg",14:30:35.8,43.30492533333334,5.461751,2.94166902,103,3.0000024000000014
"Hojbjerg",14:30:35.9,43.30492666666667,5.461747,3.4166694,103,4.7500038
"Hojbjerg",14:30:36.0,43.3049275,5.461743666666666,3.0000024,104,4.166669999999999
"Hojbjerg",14:30:36.1,43.30492866666666,5.4617405,3.01944686,104,0.19444459999999886
"Hojbjerg",14:30:36.2,43.304930166666665,5.461737,3.2638915,104,2.444446400000002
"Hojbjerg",14:30:36.3,43.304931833333335,5.461734,3.2500026,104,0.13888899999999982
"Hojbjerg",14:30:36.4,43.3049335,5.461731166666667,3.04722466,104,2.0277794000000027
"Hojbjerg",14:30:36.5,43.30493516666667,5.461727166666667,3.53333616,104,4.8611150000000025
"Hojbjerg",14:30:36.6,43.3049365,5.4617235,3.32778044,102,2.0555572
"Hojbjerg",14:30:36.7,43.304937833333334,5.461719833333333,3.34166934,102,0.13888899999999982
"Hojbjerg",14:30:36.8,43.30493966666666,5.461716,3.61389178,102,2.7222243999999973
"Hojbjerg",14:30:36.9,43.30494183333333,5.461713166666667,3.46666944,102,1.472223399999999
"Hojbjerg",14:30:37.0,43.304943333333334,5.46171,3.30833598,102,1.5833346000000015
"Hojbjerg",14:30:37.1,43.30494483333333,5.461706333333334,3.38055826,102,0.7222228000000008
"Hojbjerg",14:30:37.2,43.304946,5.461703666666667,2.65833546,102,0
"Hojbjerg",14:30:37.3,43.304947,5.461701,2.66389102,102,0.05555559999999904
"Hojbjerg",14:30:37.4,43.30494833333333,5.461698666666667,2.51666868,102,1.472223399999999
"Hojbjerg",14:30:37.5,43.30494933333333,5.461697666666668,1.75277918,102,0
"Hojbjerg",14:30:37.6,43.30494933333333,5.461697666666668,0.86944514,102,0
"Hojbjerg",14:30:37.7,43.30494933333333,5.461697333333333,0.66111164,102,2.0833349999999995
"Hojbjerg",14:30:37.8,43.3049495,5.4616975,0,102,0
"Hojbjerg",14:30:37.9,43.30494966666667,5.461697333333333,0,102,0
"Hojbjerg",14:30:38.0,43.30494916666667,5.461698166666666,0.46666704,102,4.666670399999999
"Hojbjerg",14:30:38.1,43.304948833333334,5.4616985,0.4444448,102,0.22222240000000004
"Hojbjerg",14:30:38.2,43.3049485,5.461698166666666,0.39444476,102,0.5000003999999997
"Hojbjerg",14:30:38.3,43.30494833333333,5.4616975,0.55000044,102,1.5555568000000002
"Hojbjerg",14:30:38.4,43.304948,5.4616965,0.84444512,103,2.9444468
"Hojbjerg",14:30:38.5,43.30494766666666,5.4616955,0.86666736,103,0.2222223999999995
"Hojbjerg",14:30:38.6,43.30494766666666,5.461695,0.57222268,103,2.9444468
"Hojbjerg",14:30:38.7,43.3049475,5.461694666666667,0.3194447,103,2.5277797999999994
"Hojbjerg",14:30:38.8,43.3049475,5.4616945,0,103,3.1944470000000003
"Hojbjerg",14:30:38.9,43.3049475,5.4616945,0,104,0
"Hojbjerg",14:30:39.0,43.30494766666666,5.4616948333333335,0,104,0
"Hojbjerg",14:30:39.1,43.30494783333333,5.461695166666667,0.36944474,104,3.6944473999999996
"Hojbjerg",14:30:39.2,43.304948,5.4616956666666665,0.49722262,104,1.2777788
"Hojbjerg",14:30:39.3,43.30494816666667,5.461696166666667,0.4722226,104,0.2500002000000001
"Hojbjerg",14:30:39.4,43.30494833333333,5.461696666666667,0.50555596,104,0.33333360000000034
"Hojbjerg",14:30:39.5,43.3049485,5.461697333333333,0.55833378,106,0.5277781999999998
"Hojbjerg",14:30:39.6,43.30494833333333,5.461697833333333,0.4583337,106,1.0000007999999998
"Hojbjerg",14:30:39.7,43.30494833333333,5.4616983333333335,0.48888928,106,0.3055557999999997
"Hojbjerg",14:30:39.8,43.304948,5.461698666666667,0.42222256,106,0.6666671999999996
"Hojbjerg",14:30:39.9,43.3049475,5.4616991666666665,0.56388934,106,1.4166678
"Hojbjerg",14:30:40.0,43.304947166666665,5.461699666666667,0.64722274,106,0.833334
"Hojbjerg",14:30:40.1,43.30494683333334,5.461700166666668,0.60833382,106,0.38888919999999993
"Hojbjerg",14:30:40.2,43.304946666666666,5.4617005,0.45000036,106,1.5833346000000004
"Hojbjerg",14:30:40.3,43.3049465,5.461701166666667,0.5416671,106,0.9166673999999997
"Hojbjerg",14:30:40.4,43.30494633333333,5.4617016666666665,0.54722266,106,0.05555560000000015
"Hojbjerg",14:30:40.5,43.3049465,5.461702166666667,0.49166706,106,0.5555559999999998
"Hojbjerg",14:30:40.6,43.304946666666666,5.4617025,0.44722258,106,0.4444448000000001
"Hojbjerg",14:30:40.7,43.30494683333334,5.461703166666667,0.57777824,106,1.3055566
"Hojbjerg",14:30:40.8,43.304946666666666,5.461703666666667,0.48333372,106,0.9444451999999998
"Hojbjerg",14:30:40.9,43.304946666666666,5.461704666666667,0.69166722,106,2.083335
"Hojbjerg",14:30:41.0,43.304947,5.461704833333334,0.44166702,106,2.500002
"Hojbjerg",14:30:41.1,43.30494733333333,5.461704833333334,0.3888892,106,0.5277782000000003
"Hojbjerg",14:30:41.2,43.304948,5.461705,0.63611162,107,2.4722242
"Hojbjerg",14:30:41.3,43.304949,5.461704833333334,1.01666748,107,3.8055585999999995
"Hojbjerg",14:30:41.4,43.30494966666667,5.461705,0.81388954,107,2.027779399999999
"Hojbjerg",14:30:41.5,43.30494983333333,5.461704666666667,0.39722254,107,4.16667
"Hojbjerg",14:30:41.6,43.3049495,5.461704,0.4583337,107,0.6111116
"Hojbjerg",14:30:41.7,43.30495,5.4617043333333335,0.30000024,108,1.5833346000000004
"Hojbjerg",14:30:41.8,43.30494966666667,5.4617043333333335,0,108,3.0000023999999996
"Hojbjerg",14:30:41.9,43.30494916666667,5.461705,0.66388942,108,0
"Hojbjerg",14:30:42.0,43.30494866666667,5.461706,0.89444516,108,2.3055574
"Hojbjerg",14:30:42.1,43.30494866666667,5.461707333333334,0.96944522,108,0.7500006000000004
"Hojbjerg",14:30:42.2,43.3049485,5.461708,0.7638895,108,2.0555572
"Hojbjerg",14:30:42.3,43.30494733333333,5.4617078333333335,0.83888956,108,0.7500006000000004
"Hojbjerg",14:30:42.4,43.30494733333333,5.461708,0,108,0
"Hojbjerg",14:30:42.5,43.304947166666665,5.4617075,0,108,0
"Hojbjerg",14:30:42.6,43.304946666666666,5.461707666666667,0.43611146,108,4.3611146
"Hojbjerg",14:30:42.7,43.30494616666666,5.461708166666667,0.67222276,108,2.361113
"Hojbjerg",14:30:42.8,43.3049455,5.4617086666666665,0.80277842,108,1.3055565999999996
"Hojbjerg",14:30:42.9,43.304945,5.461709166666667,0.77222284,106,0.30555580000000027
"Hojbjerg",14:30:43.0,43.304945,5.461709166666667,0.33055582,106,4.4166701999999995
"Hojbjerg",14:30:43.1,43.30494483333333,5.4617095,0,106,3.3055581999999997
"Hojbjerg",14:30:43.2,43.304945,5.4617095,0,106,0
"Hojbjerg",14:30:43.3,43.30494533333333,5.461709,0.5000004,106,5.000004
"Hojbjerg",14:30:43.4,43.304946,5.461708166666667,0.81111176,106,3.1111135999999995
"Hojbjerg",14:30:43.5,43.304946666666666,5.461707333333334,0.93611186,106,1.2500010000000006
"Hojbjerg",14:30:43.6,43.304947166666665,5.461706666666666,0.82777844,106,1.0833342000000001
"Hojbjerg",14:30:43.7,43.304948,5.4617065,0.8611118,106,0.3333335999999998
"Hojbjerg",14:30:43.8,43.30494833333333,5.461706333333334,0.64444496,106,2.1666684000000003
"Hojbjerg",14:30:43.9,43.30494866666667,5.461707,0,106,0
"Hojbjerg",14:30:44.0,43.30494916666667,5.461708,0.9305563,106,0
"Hojbjerg",14:30:44.1,43.30495,5.4617086666666665,1.11944534,106,1.8888903999999995
"Hojbjerg",14:30:44.2,43.30495033333334,5.461709333333333,0.76944506,106,3.5000027999999994
"Hojbjerg",14:30:44.3,43.30495116666666,5.461709833333334,0.84444512,106,0.7500006000000004
"Hojbjerg",14:30:44.4,43.30495166666667,5.46171,0.58611158,106,2.5833354000000006
"Hojbjerg",14:30:44.5,43.304952,5.461710833333333,0.6527783,106,0.6666672000000007
"Hojbjerg",14:30:44.6,43.30495266666667,5.461712333333334,1.21666764,106,5.6388934
"Hojbjerg",14:30:44.7,43.30495316666667,5.461714166666667,1.49166786,106,2.750002199999999
"Hojbjerg",14:30:44.8,43.30495366666666,5.4617165,1.64166798,106,1.5000012000000007
"Hojbjerg",14:30:44.9,43.3049545,5.461719166666668,2.3472241,106,0
"Hojbjerg",14:30:45.0,43.304955666666665,5.461722,2.5972243,106,2.500002000000001
"Hojbjerg",14:30:45.1,43.30495633333333,5.461724,1.87777928,106,0
"Hojbjerg",14:30:45.2,43.30495716666666,5.4617285,3.27222484,106,0
"Hojbjerg",14:30:45.3,43.3049575,5.461733333333334,3.83889196,106,5.666671200000004
"Hojbjerg",14:30:45.4,43.304958,5.461737833333333,3.60000288,106,2.388890800000003
"Hojbjerg",14:30:45.5,43.30495933333333,5.461742833333333,4.2777812,106,0
"Hojbjerg",14:30:45.6,43.304960333333334,5.461747666666667,3.97778096,106,3.000002399999997
"Hojbjerg",14:30:45.7,43.304961166666665,5.461752,3.74722522,107,2.3055574000000023
"Hojbjerg",14:30:45.8,43.30496183333333,5.461757166666667,4.32500346,107,5.777782399999998
"Hojbjerg",14:30:45.9,43.3049625,5.4617615,3.72500298,107,0
"Hojbjerg",14:30:46.0,43.30496316666667,5.4617656666666665,3.38055826,107,3.4444472000000026
"Hojbjerg",14:30:46.1,43.304964,5.461769833333333,3.63611402,107,2.5555576
"Hojbjerg",14:30:46.2,43.30496466666666,5.461774,3.5833362,109,0.5277781999999975
"Hojbjerg",14:30:46.3,43.30496583333333,5.4617778333333336,3.28333596,109,3.0000024000000014
"Hojbjerg",14:30:46.4,43.304966666666665,5.461781,2.85555784,109,4.2777812000000015
"Hojbjerg",14:30:46.5,43.30496716666667,5.4617845,3.1111136,109,2.5555576
"Hojbjerg",14:30:46.6,43.304967833333336,5.461788166666667,3.15000252,109,0.38888920000000216
"Hojbjerg",14:30:46.7,43.304967833333336,5.461791666666667,2.74166886,109,4.083336600000003
"Hojbjerg",14:30:46.8,43.30496816666666,5.461794666666666,2.51944646,108,2.222223999999997
"Hojbjerg",14:30:46.9,43.304968,5.4617976666666666,2.70277994,108,1.8333347999999994
"Hojbjerg",14:30:47.0,43.30496816666666,5.461801,2.63055766,108,0.7222228000000008
"Hojbjerg",14:30:47.1,43.304968833333334,5.461804166666667,2.24444624,108,3.861114200000002
"Hojbjerg",14:30:47.2,43.304968833333334,5.4618065,2.17222396,108,0.7222227999999964
"Hojbjerg",14:30:47.3,43.30496866666667,5.461809,2.28889072,108,1.1666675999999976
"Hojbjerg",14:30:47.4,43.304967833333336,5.461811666666667,2.25277958,108,0.3611114000000004
"Hojbjerg",14:30:47.5,43.304966666666665,5.461813833333333,1.98889048,108,2.6388909999999988
"Hojbjerg",14:30:47.6,43.3049655,5.461815666666667,2.14722394,108,1.5833345999999993
"Hojbjerg",14:30:47.7,43.30496366666667,5.461817666666667,2.46666864,108,3.1944470000000003
"Hojbjerg",14:30:47.8,43.30496266666667,5.4618201666666675,2.24722402,108,2.1944462
"Hojbjerg",14:30:47.9,43.304961166666665,5.461821666666666,2.2083351,109,0.3888891999999977
"Hojbjerg",14:30:48.0,43.30495933333333,5.461823,2.43889084,109,2.305557399999998
"Hojbjerg",14:30:48.1,43.304957333333334,5.4618245,2.40000192,109,0.38888920000000216
"Hojbjerg",14:30:48.2,43.304955666666665,5.461826166666667,2.29722406,109,1.0277785999999978
"Hojbjerg",14:30:48.3,43.304954,5.461827166666667,2.16944618,109,1.2777788
"Hojbjerg",14:30:48.4,43.304952,5.461828166666667,2.3333352,108,1.6388902000000005
"Hojbjerg",14:30:48.5,43.304950166666664,5.461830333333334,2.4722242,108,1.3888899999999982
"Hojbjerg",14:30:48.6,43.30494866666667,5.461831666666667,2.18889064,108,2.8333356
"Hojbjerg",14:30:48.7,43.304947,5.461832666666667,2.05000164,108,1.3888899999999982
"Hojbjerg",14:30:48.8,43.304945,5.461833666666667,2.15833506,108,1.0833342000000012
"Hojbjerg",14:30:48.9,43.30494316666666,5.461834666666666,2.24722402,108,0.888889599999998
"Hojbjerg",14:30:49.0,43.304941166666666,5.461835833333334,2.25277958,109,0.05555559999999904
"Hojbjerg",14:30:49.1,43.30493933333334,5.461836333333333,2.16389062,109,0.888889599999998
"Hojbjerg",14:30:49.2,43.30493733333333,5.461837666666667,2.40555748,109,2.4166686000000004
"Hojbjerg",14:30:49.3,43.30493516666667,5.461839333333333,2.638891,109,2.3333351999999996
"Hojbjerg",14:30:49.4,43.30493416666667,5.461839833333333,1.81111256,109,0
"Hojbjerg",14:30:49.5,43.30493216666666,5.461840666666666,2.01944606,109,2.0833349999999995
"Hojbjerg",14:30:49.6,43.30493066666667,5.461841833333334,2.03055718,109,0.11111120000000252
"Hojbjerg",14:30:49.7,43.3049285,5.461842666666667,2.29444628,109,2.6388909999999965
"Hojbjerg",14:30:49.8,43.30492633333333,5.461844,2.46944642,109,1.750001400000003
"Hojbjerg",14:30:49.9,43.30492433333333,5.4618455,2.54722426,109,0.7777783999999999
"Hojbjerg",14:30:50.0,43.30492283333333,5.461846833333334,2.28611294,109,2.6111131999999992
"Hojbjerg",14:30:50.1,43.304921666666665,5.461848166666667,1.8472237,111,4.388892400000001
"Hojbjerg",14:30:50.2,43.304921666666665,5.461849166666667,1.0972231,111,0
"Hojbjerg",14:30:50.3,43.30492066666667,5.461850833333333,1.57222348,111,4.7500038
"Hojbjerg",14:30:50.4,43.3049195,5.461853,2.00555716,111,4.3333368000000005
"Hojbjerg",14:30:50.5,43.30491833333333,5.461855166666667,2.05277942,111,0.4722225999999985
"Hojbjerg",14:30:50.6,43.30491766666666,5.461857333333334,1.98889048,110,0.6388893999999978
"Hojbjerg",14:30:50.7,43.3049175,5.461859166666667,1.66389022,110,3.2500025999999993
"Hojbjerg",14:30:50.8,43.30491683333333,5.461861166666667,1.7083347,110,0.444444799999999
"Hojbjerg",14:30:50.9,43.3049165,5.461862,1.43611226,110,2.7222243999999995
"Hojbjerg",14:30:51.0,43.3049155,5.461864666666667,1.93889044,110,5.0277818
"Hojbjerg",14:30:51.1,43.304915,5.461866833333334,1.85555704,110,0.8333339999999989
"Hojbjerg",14:30:51.2,43.30491416666666,5.461869,1.9166682,110,0.6111115999999983
"Hojbjerg",14:30:51.3,43.304914333333336,5.461870333333334,1.30000104,110,0
"Hojbjerg",14:30:51.4,43.30491416666666,5.461871666666667,1.07777864,110,2.2222239999999993
"Hojbjerg",14:30:51.5,43.304914333333336,5.4618728333333335,1.0138897,110,0.6388894
"Hojbjerg",14:30:51.6,43.304914833333335,5.461873666666667,0.90000072,110,1.1388898000000003
"Hojbjerg",14:30:51.7,43.30491533333333,5.461874166666667,0.70555612,110,1.9444459999999997
"Hojbjerg",14:30:51.8,43.304915666666666,5.4618755,0.89166738,110,1.8611126
"Hojbjerg",14:30:51.9,43.30491583333333,5.461876666666667,0.83611178,110,0.5555560000000004
"Hojbjerg",14:30:52.0,43.304916166666665,5.461877333333334,0.66388942,110,1.7222236000000002
"Hojbjerg",14:30:52.1,43.304916166666665,5.461878,0.555556,110,1.083334199999999
"Hojbjerg",14:30:52.2,43.304916166666665,5.461878666666667,0.46666704,111,0.8888896000000007
"Hojbjerg",14:30:52.3,43.304916166666665,5.461879,0.33611138,111,1.3055565999999996
"Hojbjerg",14:30:52.4,43.30491583333333,5.461879333333333,0,111,3.3611138
"Hojbjerg",14:30:52.5,43.3049155,5.4618795,0.33611138,111,3.3611138
"Hojbjerg",14:30:52.6,43.30491533333333,5.461879833333334,0,111,3.3611138
"Hojbjerg",14:30:52.7,43.30491516666667,5.461879666666667,0,111,0
"Hojbjerg",14:30:52.8,43.304914833333335,5.46188,0,110,0
"Hojbjerg",14:30:52.9,43.30491466666666,5.46188,0,110,0
"Hojbjerg",14:30:53.0,43.304914333333336,5.46188,0,110,0
"Hojbjerg",14:30:53.1,43.304914333333336,5.46188,0,110,0
"Hojbjerg",14:30:53.2,43.304914333333336,5.46188,0,110,0
"Hojbjerg",14:30:53.3,43.30491466666666,5.461879666666667,0,111,0
"Hojbjerg",14:30:53.4,43.304914833333335,5.4618795,0.33055582,111,3.3055581999999997
"Hojbjerg",14:30:53.5,43.30491516666667,5.4618795,0.35000028,111,0.19444459999999997
"Hojbjerg",14:30:53.6,43.30491533333333,5.4618795,0.416667,111,0.6666672000000001
"Hojbjerg",14:30:53.7,43.30491583333333,5.461879166666667,0.53055598,111,1.1388898000000003
"Hojbjerg",14:30:53.8,43.304916166666665,5.461878833333334,0.48888928,111,0.41666700000000056
"Hojbjerg",14:30:53.9,43.304916166666665,5.461878666666667,0.33888916,111,1.5000011999999996
"Hojbjerg",14:30:54.0,43.30491633333333,5.461878333333334,0.35277806,111,0.13888899999999982
"Hojbjerg",14:30:54.1,43.30491633333333,5.461877666666666,0.48333372,111,1.3055566
"Hojbjerg",14:30:54.2,43.30491633333333,5.4618765,0.74166726,111,2.5833354
"Hojbjerg",14:30:54.3,43.304916,5.4618755,0.88333404,111,1.4166678
"Hojbjerg",14:30:54.4,43.30491583333333,5.461874333333333,0.9444452,111,0.6111115999999994
"Hojbjerg",14:30:54.5,43.304915666666666,5.4618735,0.84166734,111,1.0277786
"Hojbjerg",14:30:54.6,43.30491533333333,5.461873,0.65833386,111,1.8333347999999994
"Hojbjerg",14:30:54.7,43.3049155,5.461872166666667,0.64166718,111,0.16666680000000045
"Hojbjerg",14:30:54.8,43.30491583333333,5.4618715,0.68333388,111,0.41666699999999945
"Hojbjerg",14:30:54.9,43.304916166666665,5.461871,0.68888944,113,0.05555560000000015
"Hojbjerg",14:30:55.0,43.30491683333333,5.461870833333334,0.76944506,113,0.8055562000000005
"Hojbjerg",14:30:55.1,43.3049175,5.461870333333334,0.8888896,113,1.1944453999999993
"Hojbjerg",14:30:55.2,43.30491833333333,5.461869833333334,0.95000076,113,0.6111116000000005
"Hojbjerg",14:30:55.3,43.304918666666666,5.4618693333333335,0.73333392,113,2.1666684000000003
"Hojbjerg",14:30:55.4,43.304919,5.461868833333333,0.66111164,113,0.7222227999999997
"Hojbjerg",14:30:55.5,43.30491933333333,5.461868333333334,0.71388946,112,0.5277781999999998
"Hojbjerg",14:30:55.6,43.3049195,5.461867666666667,0.63611162,112,0.7777783999999999
"Hojbjerg",14:30:55.7,43.30491966666667,5.461866833333334,0.75555616,112,1.1944454000000004
"Hojbjerg",14:30:55.8,43.30491966666667,5.461866166666667,0.74166726,112,0.13888899999999982
"Hojbjerg",14:30:55.9,43.30491966666667,5.4618655,0.7361117,112,0.05555560000000015
"Hojbjerg",14:30:56.0,43.30491966666667,5.461864666666667,0.70000056,110,0.3611114000000004
"Hojbjerg",14:30:56.1,43.30491983333333,5.461864333333334,0.53055598,110,1.6944457999999996
"Hojbjerg",14:30:56.2,43.30492,5.4618633333333335,0.69166722,110,1.6111124
"Hojbjerg",14:30:56.3,43.304920333333335,5.461863,0.53888932,110,1.5277790000000002
"Hojbjerg",14:30:56.4,43.304920833333334,5.461862166666667,0.67222276,110,1.3333344000000003
